,categorie,nom_recette,ingredients,preparation,nb_etape
3,entree,Flan de courgettes,"['1 kg de courgette', ' 100 g de gruyère râpé 60 g de gruyère + 40 g de parmesan ', ' 8 cuillère de lait', ' 6 oeuf', ' 20 feuille de basilic']"," Couper les courgettes en très fines rondelles. Les faire revenir dans de l'huile d'olive. Saler, poivrer, cuire environ 10 mm à petit feu.  Battre les oeufs et ajouter le fromage + sel + poivre + basilic + lait.  Jeter la préparation sur les courgettes. Remuer. NE PAS FAIRE PRENDRE ""L'OMELETTE"".  Mettre au four 180°C pendant 35 mn.  SERVIR FROID OU CHAUD avec une sauce mayonnaise + ketchup hot. ",5
8,entree,Tarte au thon,"['1 pâte feuilletée', ' 130 g de thon', ' 2 tomate', ' 6 cuillère à soupe de crème fraîche', ' 100 g de gruyère râpé']"," Etaler une pâte feuilletée  Sur laquelle on émiette une grosse boîte de thon. Couper des tomates en rondelle et les disposer par-dessus le thon. Sur chaque rondelle de tomate, ajouter une peu de crème fraîche et enfin du fromage râpé. Faire cuire à four chaud environ 30 minutes.",
13,entree,Bruschetta (Italie),"['8 tranche de pain de campagne un peu épaisses ', ' 8 tomate de la variété roma forme allongée ', ' 2 cuillère à soupe dhuile dolive', ' sel', ' 1 gousse dail']"," Découper les tomates en petits dés après avoir retiré la partie verte en haut, les mettre dans un petit saladier avec une bonne huile d'olive et du sel. Faire griller les tranches de pain de campagne, puis les frotter d'ail.  Disposer le mélange tomate/huile d'olive généreusement sur la tartine, à déguster aussitôt (tiède).",3
25,entree,Rouleaux de printemps,"['6 galette de riz', ' 300 g de vermicelles de riz', ' 50 g de crevette', ' 50 g de porc coupés en morceaux ', ' 6 feuille de salade', ' 6 feuille de menthe']", Plongez les galettes de riz dans de l' eau chaude pendant quelques secondes pour qu'elles deviennent molles puis laissez légèrement égoutter. Cuire le porc et les crevettes dans de l'eau chaude.  Etalez la galette de riz sur une table de travail. Commencez par mettre une feuille de salade et quelques feuilles de menthe.  Mettez ensuite les vermicelles de riz.  Puis le porc.  Enroulez le rouleau et au dernier tour mettez 3 crevettes préalablement coupées en 2 .,7
46,entree,Pâte à beignets sucrés ou salés,"['125 g de farine', ' 15 cl de lait', ' 1 oeuf', ' 1 pincée de sel', ' 1 cuillère à soupe dhuile']"," Mettre tous les ingredients dans une jatte et bien remuer afin d'obtenir une pâte lisse et homogène. Mettre cette preparation 1 heure au frais. Vous pouvez utiliser cette préparation pour des beignets sucrés(pomme, banane...) ou salés (courgette...).",2
50,entree,Gratin d'aubergines,"['4 aubergine', ' 5 cuillère à soupe dhuile dolive', ' 25 cl de coulis de tomate', ' 2 gousse dail', ' 1 cuillère à café de thym séché ', ' 100 g de parmesan râpé']"," Epluchez les aubergines, coupez-les en tranches fines et faites-les dorer dans 4 cuillères à soupe d'huile chaude. Ajoutez l'ail haché en cours de cuisson pour qu'il ne brûle pas.  Préchauffez le four à 210°C (thermostat 7). Réchauffez la sauce tomate avec le thym.  Huilez un plat à four et disposez-y les aubergines dorées. Recouvrez de sauce tomate. Arrosez d'huile et enfournez 5 minutes pour réchauffer. Saupoudrez de parmesan et remettez au four 10 minutes pour gratiner le dessus.",5
73,entree,Verrine avocat-truite fumée,"['1 avocat bien mûr ', ' 2 tranche de truite fumée ou saumon ', ' 100 g de fromage frais', ' 1/2 citron', ' 50 g de fromage ail et fines herbes', ' ciboulette', ' 1 pot doeuf de truite']"," Ecraser la pulpe de l'avocat dans un bol. Saler très peu, poivrer et citronner.  Déposer 1/4 de la préparation dans chaque verrine. Mélanger le fromage frais et le fromage ail et fines herbes dans un bol avec 1 cuillère à soupe d'eau pour fluidifier. Déposer dans les verrines en une seconde couche. Couper les tranches de saumon fumé en petits morceaux, répartir dans les verrines et mettre au frais.  Au moment de servir, décorer de quelques oeufs de truite, brins de ciboulette, un filet de citron et un tour de moulin à poivres 5 baies.",7
78,entree,Vraies Frites pour Actifry,"['1.5 kg de pomme de terre épluchées et lavées ', ' 1 cuillère dhuile de friture', ' sel']"," Coupez les pommes de terre en bâtonnets de la taille souhaitée. Rincez abondamment les frites, égouttez-les et séchez-les soigneusement. Placez-les dans la cuve. Versez l’huile uniformément sur les frites. Laissez cuire 36-38 min selon l’épaisseur des frites.",4
79,entree,Arancini à la Sicilienne,"['300 g de riz pour risotto', ' 50 g de petit pois cuits dans du beurre ', ' 50 g de jambon cru ', ' 50 g de mozzarella', ' 1 oeuf', ' farine', ' chapelure', ' huile', ' sel']"," Coupez en petits dés la mozzarella et le jambon, mettez-les ensemble dans un bol. Ajoutez les petit-pois et mélangez bien.  Modelez avec le riz 16 petits sphères et faites dans chacune d’elle une cavité. Remplissez–les avec la mozzarella, le jambon et les petit-pois et refermez les sphères.  Passez-les dans la farine, dans l’oeuf battu avec le sel et dans la chapelure. Faites frire dans l’huile bien chaude.  Égouttez–les et servez.",4
89,entree,Verrines avocats crevettes et fromage frais,"['3 avocat bien mûrs ', ' 45 crevette moyennes décortiquées ', ' 2 citron vert', ' 6 fromage frais type carrés frais 150 g en tout ', ' crème', ' ciboulette fraîche ']"," Ecrasez avec une fourchette la chair de 2 avocats et arrosez-les avec le demi jus du citron vert. Dans vos quatre verrines, répartissez la purée d'avocat sur environ 2 cm de hauteur. Réservez une partie de la purée pour une autre couche. Coupez environ 16 crevettes en morceaux et disposez-les sur la purée d'avocat (4 crevettes coupées par verrine). Réservez 16 crevettes entières pour la décoration du dessus de la verrine. Ecrasez avec une fourchette les 6 carrés frais et la ciboulette ciselée en petits morceaux. Rajoutez un peu de crème (environ 5 cl) pour que le mélange soit moins épais. Dans vos 4 verrines, répartissez le mélange de fromage frais sur environ 2 cm. Réservez une partie du mélange pour une autre couche. Prenez le 3ème avocat, enlevez la peau, coupez-le en petits morceaux et arrosez le tout du jus d'un demi citron vert. Mélangez les morceaux d'avocat avec des morceaux de crevettes (environ 12 crevettes). Répartissez ce mélange dans les verrines sur environ 4 cm de hauteur. Enfin, mélangez le reste de purée d'avocat et de fromage frais et répartissez le mélange dans les verrines pour constituer la dernière couche. Décorez le dessus des verrines avec des crevettes entières (environ 4 par verrines), quelques brins de ciboulette et des rondelles de citron vert. Réservez au frais et ne sortez les verrines qu'au moment de passer à table. Je vous conseille d'accompagner ces verrines d'une mayonnaise au citron... Régalez-vous bien!",11
98,entree,Panisses de l'Estaque,"['250 g de farine de pois chiches ', ' 1 l deau', ' 3 cuillère dhuile dolive', ' 1 cuillère à soupe de sel fin ', ' huile darachide pour friture ']"," La seule difficulté c'est d'éviter les grumeaux! Tamiser la farine dans une casserole qui n'attache pas, commencer à verser l'eau FROIDE par petites quantités en touillant régulièrement avec une cuillère en bois (très important), rajouter le sel puis l'huile et continuer à verser l'eau. Cuire sur un feu pas trop vif SANS CESSER DE TOURNER jusqu'à ce que le mélange devienne très épais (attention aux éclaboussures de pâte !!). Verser rapidement dans les bols passés à l'eau et laisser refroidir au moins 6h. Démouler, couper les blocs en tranches fines (0,5cm) et faire frire à la poêle (c'est préférable au bain de friture). Quand les tranches sont dorées et croustillantes, les égoutter et déguster de suite (avec les doigts).  Si malgré toutes les précautions, il y a encore des grumeaux, passer le mélange -avant cuisson- dans une passoire à grille fine (genre chinois).",7
102,entree,Beurre maison,['1 l de crème liquide stérilisée ']," Mettre le litre de crème liquide dans un batteur électrique, laisser tourner jusqu'à ce que vous voyer apparaitre le beurre. Laisser tourner 5 minutes de plus, retirer le beurre du petit lait. Vous pouvez rajouter dans votre beurre de la confiture, du sel, des aromates (curry, paprika etc…).  Mouler le beurre et le mettre au frais. C’est un régale du beurre fait maison !!!",5
118,entree,Beignets de fleurs de courgettes et de courges,"['12 fleurs de courgettes et courges ', ' 80 g de farine', ' 15 cl de lait', ' 1 oeuf', ' 6 feuille de basilic frais', ' 1 pincée de sel', ' 1 cuillère à soupe dhuile dolive']"," J'ai testé plusieurs recettes de beignets de fleurs de courgettes et aucune ne m'a convaincue. Après plusieurs essais, je vous propose une pâte à frire fluide afin de laisser un minimum de pâte laissant la fleur apparente pour qu'elle exprime tout son arôme et sa texture. Cueillir les fleurs de courgettes mâles au niveau de la tige et l'on ne garde que la fleur en ôtant les parties rugueuses de la tige (tout ce qui est vert). Pour les fleurs femelles (au bout d'une future courgette), on ne prélève que la partie supérieure de la fleur en laissant la courgette intacte avec un centimètre de fleur. Quand c'est possible, le mieux est de ne pas laver les fleurs pour éviter les projections d'huile lors de la cuisson des beignets. Si les fleurs nécessitent un rinçage, veillez à bien les sécher avec du papier absorbant. Dans un saladier, mélanger la farine, le lait, le jaune d’œuf et la cuillère d'huile d'olive jusqu'à ce que le mélange devienne homogène Ajouter le basilic frais émincé et mélanger. Dans un bol, monter le blanc de l’œuf en neige auquel on a ajouté au préalable une pincée de sel. Incorporer délicatement le blanc en neige au mélange. Couvrir le fond d'une poêle d'huile d'olive et faire chauffer. Tremper chaque fleur de courgettes dans le mélange pour recouvrir toute la fleur et laisser égoutter pour enlever le surplus de façon à voir la couleur de la fleur. Déposer la fleur dans la poêle et faire cuire des deux côtés. Surveiller la cuisson pour que le beignet dore mais ne brûle pas. La cuisson est très rapide. Déguster chaud avec une salade en entrée ou en accompagnement du plat principal.",14
123,entree,Tarte à la tomate et au chèvre,"['150 g de farine', ' 75 g de beurre', ' 1/2 verre deau', ' sel', ' 3 tomate', ' 1 fromage de chèvre frais ', ' basilic frais', ' huile dolive', ' moutarde']"," Préparez le fond de tarte en mélangeant la farine et le sel avec le beurre coupé en petits morceaux. Emiettez rapidement pour obtenir un gros sable, ajoutez l'eau petit à petit. Il faut veiller à travailler la pâte le moins possible. Laissez reposer 15 minutes. Pendant ce temps, lavez et coupez les tomates en tranches, ciselez le basilic et coupez le chèvre en petits morceaux. Etalez la pâte dans un moule préalablement beurré (ou recouvert de papier sulfurisé). Badigeonnez le fond de moutarde (plus ou moins selon les gouts, mais on perd du piquant en cuisant). Disposez les rondelles de tomate pour recouvrir la pâte, puis les morceaux de chèvre. Parsemez de basilic,  nappez d'huile d'olive. Faites cuire à thermostat 6 (180°C) pendant 25 à 30 min. A table",12
140,entree,Cuisson des betteraves rouges à l'autocuiseur,['2 betterave par personne ']," Rincer les betteraves, juste pour éliminer la terre, y laisser un bout de queue 3 cm. Mettre dans le panier vapeur sur 5 cm d'eau, faire siffler la cocotte 15 à 20 min. Sortir le panier et laisser refroidir avant d'éplucher très facilement en portant des gants de ménage, la peau part toute seule entre les doigts. Propositions d'assaisonnement : Émincer les betteraves en rondelles à l'aide d'une mandoline ou d'un couteau, ou encore en cubes, en faisant faire des tranches de 1 cm d’épaisseur que l'on taille ensuite en bâtonnets, puis en cubes.  Assaisonner d'huile, de vinaigre (vinaigre au miel en Alsace de type melfort ou mielex), sel, poivre, 1 clou de girofle écrasé au mortier, quelques rondelles fines d’oignons et persil mouliné.",6
145,entree,Tomates à la mozzarella,"['2 tomate', ' 1 boule de mozzarella', ' basilic frais', ' huile dolive']"," Coupez les tomates en tranches fines, ainsi que la mozzarella et disposez-les sur les tomates. Arrosez d'un filet d'huile d'olive et ajoutez quelques feuilles de basilic frais.",1
148,entree,Velouté de fanes de carottes,"['botte de carotte nouvelles ', ' 1 oignon', ' 3 carotte nouvelles ', ' 3 pomme de terre nouvelles ', ' 1 cube de bouillon de légumes biologiques ', ' 1 cuillère à soupe de crème fraîche', ' 1 jaune doeuf', ' 1 l deau bouillante ']", Faire revenir les fanes de carottes hachées dans de l'huile d'olive avec l'oignon émincé. Ajouter les carottes et les pommes de terre en conservant la peau ( bien les laver ). Mettre l'eau bouillante et le bouillon de légumes.  Laisser cuire environ 20 à 30 min. Mixer puis émulsionner en ajoutant la crème fraiche et le jaune d'oeuf.,5
155,entree,Salade de riz au thon,"['400 g de riz blanc', ' 2 tomate ou 1 grosse ', ' 2 oeuf durs ', ' 3 feuille de salade laitue ', ' 200 g de thon au naturel conserve ', ' 4 bonne cuillère à soupe de mayonnaise', ' goutte de vinaigre de vin blanc 4 ou 5 ']"," Cuire le riz dans de l'eau bouillante salée. Pendant ce temps, couper les tomates, œufs et salade en petits morceaux et émietter le thon. Lorsque le riz est cuit, le passer sous l'eau froide pour le refroidir et bien l'égoutter.  Le verser dans un grand récipient puis y ajouter les tomates, le thon la salade et les œufs.  Bien mélanger puis ajouter la mayonnaise et les gouttes de vinaigre et bien mélanger le tout.",5
158,entree,Oeuf poché très simple (micro-ondes),"['1 oeuf', ' 4 cuillère à soupe deau', ' 1 pincée de gros sel']"," Dans un ramequin allant au micro-ondes, mettez 4 cuillères à soupe d'eau, 1 pincée de gros sel et votre œuf (sans la coquille). Passez le tout au micro-ondes à la puissance maxi pendant 45 secondes(ou 50-55 secondes si votre micro-ondes ne va pas au-delà de 900W). C'est prêt !",3
164,entree,Gazpacho Andaluz,"['1 kg de tomate bien mures ', ' 1 poivron vert italien 60 g environ ', ' 1 morceau de concombre 4 doigts environ ', ' 1 morceau doignon 100 g environ ', ' 1 petite gousse dail', ' 3 cuillère à soupe dhuile dolive', ' 1 cuillère à soupe de vinaigre', ' 1 cuillère à café rase de sel']"," Laver les tomates et le poivron.  Dans un mixeur mettre les tomates coupées en quartiers. Nettoyer le poivron (enlever la queue et les graines), le couper en 4 ou 5 et l’ajouter aux tomates.  Peler et couper en morceau le concombre, la gousse d’ail et l’oignon et les ajouter au reste des légumes. Mixer jusqu'à ce qu’il n’y est plus du tout de morceau, pour obtenir un mélange bien onctueux. Rajouter le sel, l’huile et le vinaigre. Mixer à nouveau. Goûter et rajouter sel, huile ou vinaigre à votre gout.  Si le gazpacho a la consistance qui vous plait passer à l’étape suivante. Sinon ajouter un peu d’eau à votre goût.  Attention si vous ajouter trop d’eau le gazpacho perdra du goût.",6
175,entree,Tchoutchouka,"['5 poivron rouge', ' 7 tomate', ' 1 gousse dail', ' 1/2 morceau de sucre', ' 1 poignée dolive verte dénoyautées ', ' huile de tournesol']"," Faire griller les poivrons au barbecue (moi j'utilise un barbecue electrique) ou au four. Les mettre directement sur la grille et faire noircir toute la peau des poivrons. Une fois noircis, les mettre un par un dans du papier journal ou dans un sac plastique hermétique jusqu'a ce qu'ils tiédissent. Une fois les poivrons tièdes, en retirer la peau (qui devrait partir facilement), les graines, puis les couper en lamelles d'environ 1cm de large. Couper les tomates en dés. Dans un faitout anti-adhésif, mettre un peu d'huile, les poivrons et les tomates, ainsi que l'ail haché, le morceau de sucre et les olive vertes (bien égoutées et coupées en deux). Faire cuire à grand feu pendant une vingtaine de minutes puis à petit ou moyen feu jusqu'à ce que la préparation commence à accrocher. Il ne doit plus y avoir d'eau.",5
177,entree,Chapati,"['250 g de farine de blé complet et quelques grammes supplémentaire pour lisser la pâte ', ' 1 cuillère à café de sel', ' eau tiède ']"," Tamiser la farine et disposer-la en couronne. Ajouter le sel et pétrir en ajoutant l'eau peu à peu. La quantité d'eau dépend de la qualité et du type de farine. Pétrir la pâte jusqu'à ce quelle soit bien lisse et élastique. Poser la dans un bol couvert d'un linge et laisser-la reposer deux heures. Au bout de ce temps, fariner ces mains et diviser la pâte en huit parts. Les former en forme de boule. Former des disques d'environ 15 cm de diamètre sur 3 mm de hauteur. Saupoudrer une poêle à fond épais de farine, faire chauffer. Mettre un disque de pâte, faire cuire 1 minute sur chaque face, retirer du feu. Prendre la galette et sans ce brûler, la passer au-dessus des flammes. La pâte gonfle et brunit par endroit. A consommer chaud, accompagner éventuellement de beurre.",7
179,entree,Poêlée d'aubergines à la provençale,"['600 g daubergine', ' 350 g de tomate', ' 2 gousse dail', ' 3 oignon', ' 50 g de fromage râpé', ' 3 cuillère à soupe dhuile dolive', ' feuille de basilic', ' gros sel']"," Coupez les aubergines en rondelles et faites-les dégorger 20 minutes dans une passoire en les saupoudrant de gros sel.  Rincez les aubergines, séchez-les puis faites-les revenir dans l'huile d'olive. Ajoutez l'ail et les oignons émincés ainsi que les tomates pelées et coupées en quartiers. Assaisonnez et laissez cuire 20-25 minutes. Avant de servir, saupoudrez de fromage râpé et de feuilles de basilic ciselée. Se déguste aussi bien chaud que froid.",3
183,entree,Baba ghanoush - Caviar d'aubergines (Liban),"['3 aubergine', ' 2 citron', ' 1 gousse dail par aubergine ', ' 125 ml de tahiné pâte de graines de sésame ', ' huile dolive']"," Préchauffer le grill.  Piquez sauvagement les aubergines avec une fourchette. Déposez les sur une plaque recouverte d'aluminium huilé. Mettre au grill à 10 cm environ de la résistance. Les tourner toutes les 15 min pendant 45 min ou jusqu'à ce que la peau soit ramollie. Les sortir du four.  Une fois refroidies, couper les en deux et séparer la chair de la peau avec une petite cuillère (on récupère ainsi la partie la plus parfumée du fruit). Mettre la pulpe dans une passoire et laisser égoutter 20 min.  Dans un mixeur, mettre ensemble le jus des citrons, l'ail et le tahini et du sel au goût. Mixer quelques secondes. Ajouter la pulpe et transformer en purée jusqu'à une consistance tartinable. Transférer le baba ghanoush dans un bol et ajouter un filet d'huile d'olive.  Servir le baba ghanoush avec des accompagnements tels que pain grillé, pitas et pain libanais...",6
212,entree,Pain de poisson,"['2 boîte de thon ou saumon ', ' 20 cl de crème fraîche', ' 6 oeuf', ' 1 petite boîte de concentré de tomates', ' 70 g de gruyère râpé']"," Battre les oeufs en omelette.   Ajouter la crème fraîche, le concentré de tomates, le gruyère puis le thon (ou saumon).  Beurrer un moule à cake et y verser la préparation.  Laisser cuire 1h15 au bain marie (Thermostat 6-7).",4
215,entree,Avocats au thon,"['2 avocat', ' 1 boîte de thon au naturel ', ' 3 cuillère à soupe de mayonnaise']", Coupez les avocats en deux. Ôtez les noyaux et découpez la chair en petits morceaux à l'aide d'une cuillère. Réservez. Emiettez le thon et mélangez-le avec la chair des avocats et la mayonnaise. Remplissez les avocats vides avec la préparation. Servez.,4
222,entree,Mousse de betterave,"['2 betterave sous vide ', ' 1/2 gousse dail', ' 1 tranche de pain de mie', ' 3 crème épaisse']"," Mixer les 2 betteraves sans le jus (mais le garder de côté au cas où vous trouvez le mélange trop épais)   Ajouter le demi gousse d'ail haché en petits morceaux, puis la créme épaisse et la tranche de pain de mie. Mixer jusqu'à obtenir une texture semi épaisse.  Ajouter le jus à ce moment là si votre mousse est trop épaisse.   Dresser dans des verrines, accompagner de quelques crevettes. Servir trés frais.",1
271,entree,Beignets de tomates vertes,"['90 g de farine', ' 1 cuillère à café de sel', ' 1/2 cuillère à café de poivre', ' 35 g de semoule', ' 1 oeuf', ' 18.5 cl de lait', ' 4 tomate moyennes environ 500g ', ' huile de friture']"," Tamiser la farine, le sel et le poivre dans une terrine. Ajouter la semoule. Faire un puit. Mélanger l'oeuf et le lait, verser peu à peu. Battre jusqu'à ce que la pâte soit homogène, sans trop la travailler. Couper les tomates en rondelles épaisses. Chauffer environ 1cm d'huile dans la poêle. Tremper les tomates dans la pâte, et égoutter. Faire frire 1 mn de chaque côté. Egoutter sur du papier absorbant et servir immédiatement.",5
275,entree,Velouté de panais et de courgettes,"['1 panais ou 2 petits ', ' 1 courgette', ' 3 pomme de terre', ' 1 oignon', ' lait ou crème fraîche ']"," Gratter le panais, et le couper en morceaux. Peler les pommes de terre, la courgette, et l'oignon. Les découper en morceaux. Faire rissoler dans la casserole 5 min, tous les légumes. Puis couvrir d'eau. Laisser cuire à feu moyen, pendant 30 minutes. Réduire au mixer, afin d'obtenir un velouté.  Le panais donne une consistance assez épaisse à cette soupe, vous pouvez donc la délayer avec du lait... Cependant, le goût du panais étant assez subtil, bien veiller à ne pas trop diluer ce velouté. Vous pouvez l'assaisonner, au choix, avec de la muscade, du cumin, du curry doux, ou de la coriandre...",7
276,entree,Verrine foie gras pommes et pain d'épices,"['4 pomme de type golden ', ' 4 tranche de foie gras', ' 2 tranche de pain dépices', ' 4 cuillère à café de confit de courgettes vous pouvez le remplacer par de la gelée au gewurztraminer', ' au riesling.. à un vin blanc ', ' beurre', ' 1 cuillère à soupe de sucre']"," Eplucher les pommes, les couper en lamelles et les faire revenir dans une poêle avec du beurre. Saupoudrer d'une cuillère à soupe de sucre et mélanger. Les laisser cuire à feu moyen environ 20 mn en retournant. Laisser refroidir. Couper les tranches de foie gras en copeaux. Monter votre verrine en commençant par placer une couche de pommes, le foie gras en copeaux, 1/2 tranche de pain d'épices émiettée et la cuillère de confit.",6
277,entree,pêches au thon,"['1 grosse boîte de thon blanc au naturel ', ' 1 grosse boîte de pêche', ' mayonnaise', ' persil', ' feuille de salade']", Mélanger le thon avec la mayonnaise et le persil.  Égoutter les demi-pêches et remplir le milieu de la préparation thon.  Présenter sur une grande assiette sur un lit de feuilles de salade.  Servir frais.  Bon appétit !!,5
279,entree,Salade fraicheur,"['100 g de mâche', ' 2 oeuf durs ', ' 4 tomate', ' 150 g de crevette rose décortiquées ', ' 250 g de maïs en boîte ', ' 2 cuillère à soupe dhuile dolive', ' 1 cuillère à soupe de vinaigre', ' sel']"," Lavez et coupez les feuilles de mâche.  Coupez les tomates en quartiers.  Dans un saladier, mélangez tous les ingrédients ensemble.  Assaisonnez avec l'huile, le vinaigre et le sel.",4
281,entree,Salmorejo (Andalousie),"['4 tomate bien mûres ', ' pain dur 10cm de baguette ', ' 2 cuillère à soupe dhuile dolive', ' 2 gousse dail dégermées ', ' 2 oeuf durs ', ' 2 tranche de jambon cru ']"," Peler les tomates, puis les couper. Oter la croûte du pain et le mouiller légèrement. Râper les oeufs dans un ramequin et couper le jambon cru en fines lamelles puis les déposer dans un autre ramequin. Mixer les tomates avec le pain, l'huile d'olive et l'ail. Servir le salmorejo dans des ramequins et chacun dépose un peu d'oeuf et de jambon dessus. Ce plat se mange avec une cuillère à soupe.",5
283,entree,Mousse d'avocats,"['2 avocat', ' 1 gousse dail', ' 1 oignon', ' 3 cuillère à café de crème fraîche', ' 2 cuillère à soupe de jus de citron', ' 2 cuillère à soupe de ketchup', ' 1 cuillère à café de ciboulette hâchée ']"," Mettre la chair d'avocats dans le récipient d'un miweur et y ajouter le jus de citron, l'ail et l'oignon. Mixer le tout et y ajouter le ketchup et la crème fraîche. Présenter dans des petits bols et y ajoutez un petit peu de ciboulette et une touche de ketchup. Laissez 1 h 30 au réfrigérateur et voilà le tour est joué !! Bon appétit.",5
292,entree,Wraps,"['400 g de farine', ' 15 cl deau', ' 1 petite cuillère de sel', ' 10 cl dhuile dolive']"," Commencer par mélanger la farine et le sel puis ajouter l'huile d'olive et mélanger le tout. Incorporer peu à peu l'eau et pétrir jusqu'à l'obtention d'une boule de pâte (si la pâte est réalisée au robot, celle-ci doit se décoller des parois). Former 8 petites boules de tailles égales et laisser lever 30 min environ couvert d'un linge humide. Étaler les boules en galettes très fines (c'est là que réside la difficulté, les galettes doivent être extrêmement fines). Faire chauffer une poêle à feu vif et faire cuire les galettes 30 secondes de chaque côté (en général, après la deuxième galette, 20 secondes par face suffisent). Laisser refroidir et farcir avec la garniture de votre choix. Rouler la galette et tailler en biseau les extrémités.",6
302,entree,salade de roquette au parmesan et pignons,"['300 g de roquette', ' 1 morceau de parmesan de 50 g ', ' pignons ou noix à volonté ']"," Nettoyer la roquette. Y ajouter dans un saladier des lamelles de parmesan (faciles à faire avec un économe). Mettre des pignons ou des noix.  Arroser d'une vinaigrette classique faite avec du vinaigre balsamique.  En été, on peut rajouter des lamelles de melon, c'est délicieux.",3
310,entree,"Verrines crevettes, avocat, pamplemousse rose","['1 sachet de crevette cuites surgelées ', ' 2 pamplemousse roses ', ' 1 avocat', ' 1 jaune doeuf', ' huile de tournesol', ' ketchup', ' 1 cuillère à café de whisky', ' moutarde', ' sel']"," Décongeler les crevettes. Couper l'avocat en petits morceaux. Couper les quartiers du pamplemousse en prenant bien soin de ne pas avoir de peau. En faire de petits morceaux également. Faire une mayonnaise avec l'oeuf, la moutarde et l'huile. Rajouter du ketchup pour rosir la mayonnaise et 1 cuillère à café de whisky. La sauce cocktail est prête. Mélanger tous les ingrédients et la sauce et remplir les verrines. Mettre au frais. A servir très frais.",10
318,entree,Oeufs mimosas au thon,"['10 oeuf', ' mayonnaise', ' 150 g de thon en miettes ', ' feuille de salade']"," Faire cuire les 10 œufs 10 à 15 minutes dans l'eau bouillante pour obtenir des œufs durs. Oter la coquille et les couper en 2 dans le sens de la longueur afin de faire deux petites parts pour chaque œuf. Séparer les jaunes en 2 parts égales dans deux récipients différents.  Egoutter le thon et l'émietter avec les doigts.  Mélanger avec une fourchette en écrasant bien une partie des jaunes d'œufs avec le thon et de la mayonnaise. Dresser les demi-œufs sur un plateau recouvert de feuilles de salade. A l'aide d'une cuillère à café, disposer généreusement le mélange dans chaque demi-œuf.  Puis, pour finir, passer le reste des jaunes d'œufs au moulin à fromage pour en recouvrir les œufs. Mettre le plat un peu au réfrigérateur et servir frais.",9
331,entree,Tarte au thon et moutarde,"['2 boîte de thon au naturel ', ' 150 g de gruyère râpé', ' 3 tomate', ' 3 cuillère à soupe de moutarde forte ', ' 1 pot de crème fraîche épaisse 30 cl ', ' 1 pâte feuilletée']"," Etaler la pâte feuilletée dans un moule de 30 cm. Etaler une couche de moutarde, puis une couche de thon émietté puis une couche de tomates coupées en rondelles pas trop fines, puis une couche de crème fraîche et enfin une couche de gruyère râpé. Enfourner pendant 30 mn à thermostat 8 (250°C).",3
332,entree,Salade crevettes et pamplemousse,"['100 g de crevette', ' 1 avocat', ' feuille de salade', ' 1/2 pamplemousse rose ', ' 1 pot de crème acidulée 15% ou de fromage blanc battu 0% ', ' 1 jus de citron', ' poivre et paprika ']"," Laver la salade, répatir quelques feuilles dans les assiettes. Peler l'avocat, enlever le noyau, le couper dans la longueur en fines lanières. Citronner pour pas qu'il noircisse. Déposer les lanières en rosace sur la salade. Mettre la crème dans un grand bol, poivrer, ajouter le paprika, le jus de citron et les crevettes. Peler les pamplemousse, enlever la peau blanche des quartiers afin de ne garder que la 'chair'. Ajouter délicatement aux crevettes. Garnir sur les feuilles de salade.",5
334,entree,Terrine aux deux saumons,"['200 g de saumon frais', ' 200 g de saumon fumé', ' 1 citron', ' 150 g de fromage frais', ' 2 cuillère à soupe dhuile dolive', ' ciboulette ou aneth ']"," Plonger pendant 5 mn les filets de saumon dans l'eau à ébullition. Egoutter, mettre dans une assiette et couper en petits morceaux, puis couper de la même manière le saumon fumé. Mixer les 2 saumons, y ajouter l'huile et le jus de citron. Ecraser le fromage à la fourchette, le saler et le poivrer. Ajouter le saumon au fromage, mettre dans une terrine, décorer avec l'aneth ou la ciboulette. Mettre au frais, servir le lendemain ou préparer le matin pour le soir.",4
356,entree,Crème Dubarry,"['1 chou-fleur', ' 30 g de beurre', ' 40 g de farine', ' 1.5 l deau', ' 1 verre de lait', ' 2 jaune doeuf', ' 10 cl de crème fraîche']"," Faire blanchir le chou-fleur 8 à 10 min. Préparer un petit roux composé de beurre et de farine, mouiller avec l'eau et quand elle bout, y placer le chou-fleur, puis finir de cuire très doucement.  Ecumer le potage et passer le tout au tamis très fin.  Remettre à bouillir avec le lait, lier avec jaunes d'oeufs et crème et garni de petits croûtons ou de petits bouquets de chou-fleur.  Ce potage doit être bien crémeux.",5
367,entree,"Tarte thon, tomate et moutarde","['1 pâte feuilletée', ' 2 boîte de thon moyennes ', ' 2 tomate rondes ', ' 3 cuillère à soupe de moutarde fine et forte ! ', ' 2 oeuf entiers ', ' 20 cl de crème fraîche semi-liquide ou épaisse ', ' 3 cuillère à soupe de lait', ' 1 pincée de sel', ' 2 pincée de poivre + 5 baies ']"," Etaler la pâte feuilletée sur un moule à quiche, piquer le fond de la pâte, puis recouvrir le fond avec la moutarde. Emietter le thon et le répartir sur le fond de la pâte.  Laver les tomates et les essuyer, puis les couper en rondelles moyennes, et les disposer sur le thon. Battre les oeufs en omelette, ajouter la crème fraîche plus le lait.  Saler et poivrer. Ajouter ce mélange sur la pâte, thon, tomate. Mettre au four (pré-chauffé à 200°C/th 6-7), et cuire environ 40 min (jusqu'à ce que la tarte soit dorée sans être trop brunie!).",7
370,entree,Quiche au poivron et au fromage de chèvre,"['1 pâte feuilletée', ' 1 poivron', ' 1 bûche de fromage de chèvre', ' 20 cl de crème liquide', ' 3 oeuf', ' huile dolive', ' sel', ' poivron']"," Dérouler la pâte feuilletée dans un moule à tarte en conservant la feuille de cuisson.  Couper le poivron en dés et le faire revenir dans un peu d'huile d'olive.  Couper la bûche de chèvre en rondelles.  Mélanger la crème, les oeufs, sel et poivre.  Mettre les dés de poivron et les rondelles de chèvre dans le fond de tarte.  Ajouter le mélange crème-oeufs.  Faire cuire environ 45 min à 220°C.",7
375,entree,Soleil fromage ail persil jambon,"['2 pâte feuilletée', ' 150 g de fromage frais type st-morêt ', ' 2 gousse dail', ' 2 tranche de jambon', ' 1 bouquet de persil', ' 1 jaune doeuf']", Préchauffer votre four à 180°C (thermostat 6). Mixer l'ail et persil et les mélanger avec le fromage frais. Dérouler 1 pâte feuilletée. La tartiner de fromage/ail/persil. Recouvrir avec les tranches de jambon. Recouvrir avec la 2ème pâte feuilletée. Mettre un verre au centre puis découper des rayons. Tourner les parts un coup à gauche et un coup à droite. Peindre avec un jaune d'oeuf dilué avec un peu d'eau. Enfourner pour 20 min de cuisson.,7
432,entree,Verrine à la mousse de foie gras,"['190 g de foie gras', ' 15 cl de crème fleurette']", Mettre dans une casserole la crème fleurette et le fois gras coupés en morceaux. Attendre qu'il fonde entièrement dans la crème. Mixer le tout avec un mixeur plongeur et mettre au réfrigérateur pendant 2 h. Sortir la préparation et la mixer jusqu'à la formation d'une mousse onctueuse. Mettre dans les petites verrines.,5
469,entree,Croissants au jambon,"['1 oignon', ' 2 cuillère à soupe dhuile', ' 1 cuillère à café de farine', ' 3 cuillère à soupe de vin blanc sec', ' 1 cuillère à soupe de moutarde forte ', ' 3 cuillère à soupe de crème fraîche', ' 230 g de pâte feuilletée pré-étalée ', ' 4 tranche de jambon blanc', ' 60 g de gruyère râpé', ' 15 g de beurre', ' 1 jaune doeuf']"," 1/ Pelez et émincez l'oignon. Faites le dorer dans l'huile. Ajouter la farine et le vin. Faites cuire 5 mn. Dans un bol, fouettez la moutarde et 2 cuillères à soupe de crème. Incorporez l'oignon cuit.  2/ Déroulez la pâte feuilletée. Coupez 8 triangles réguliers. Nappez chaque triangle de pâte avec la crème, recouvrez de jambon puis de mélange à l'oignon.  3/ Saupoudrez de gruyère râpé une moitié de chaque triangle de pâte, en partant de la base. Roulez-les en croissants. Préchauffez le four à 180°C (Th 6 ).  4/ Beurrez la plaque du four. Badigeonnez les croissants à l'oeuf battu. Faites les cuire pendant 20 mn. Servez aussitôt.",4
470,entree,Pâte de farine de blé tendre pour foccacia et pide,"['20 cl deau à 20°c température ambiante ', ' 150 g de farine type t45 ', ' 1 cuillère à café de levure fraîche au rayon frais ', ' 15 cl deau à 20°c ', ' 1 cuillère à soupe dhuile dolive', ' 375 g de farine type t45 ', ' 1.5 cuillère à café de sel fin ']"," Mélangez les ingrédients du ferment dans une saladier, couvrez d'un linge et laissez lever 2h à température ambiante en remuant une fois au bout d'1h. Le mélange va présenter des bulles et aura doublé de volume. Préparez la pâte :  versez l'eau et l'huile sur le ferment en fouettant. Si vous voulez réaliser une foccacia, ajoutez le malt. Ajoutez la farine et le sel sur le mélange et malaxez jusqu'à obtenir une pâte granuleuse et collante. Enduisez la pâte d'huile, tout comme le plan de travail, et étirer la avec à la main.  Disposez la pâte sur une plaque et garnissez selon vos goûts !",6
498,entree,Pain Vrémy : pain farci,"['1 pain', ' 150 g de jambon en dés ', ' 250 g de fromage frais', ' 250 g de gruyère râpé', ' 10 g de beurre mou ', ' 2 oeuf', ' 10 cornichon en rondelles ', ' 1 cuillère à soupe de moutarde']", Préchauffer le four à 200°C (thermostat 6-7). Ouvrir le pain et enlever la mie. Mélanger tous les autres ingrédients. Remplir le pain évidé avec la préparation. Emballer le pain de 3 tours d'aluminium. Enfourner pendant 25 min. Mettre au réfrigérateur jusqu'au lendemain. Servir frais et en tranches.,8
499,entree,Soupe froide courgette et tomate,"['400 g de courgette', ' 100 g de tomate', ' 2 gousse dail', ' 30 cl de bouillon de légumes ', ' 4 cuillère à soupe dhuile dolive', ' 8 feuille de basilic', ' citron', ' sel']"," Pelez les gousses d'ail et mettez-les dans une marmite avec le bouillon, la moitié de l'huile et du sel.  Ebouillantez les tomates 10 sec, puis pelez-les, coupez les en deux et éliminez-en les graines. Hachez grossièrement la pulpe et ajoutez-la dans la marmite. Portez à ébullition et laisez cuire 5 mn à feu vif.  Lavez les courgettes, épongez-les et coupez-les en petits morceaux, ajoutez-les dans la marmite et laisser cuire 10 mn. Laissez refroidir.  Mixez la soupe avec le reste de l'huile, le basilic et je jus de citron.  Réservez au réfrigérateur, 2 h au moins.",5
503,entree,Salade saumon tomates avocats,"['2 tomate', ' 2 avocat bien mûrs ', ' 4 tranche de saumon fumé', ' 1 cuillère à soupe de poivre 5 baies', ' 1 citron', ' 1 cuillère à soupe dhuile dolive']"," Commencer par préparer la marinade pour la saumon : Mélanger le jus de citron avec l'huile d'olive et le poivre 5 baies. Couper ensuite les tranches de saumon en morceaux grossier. Les mettre à mariner au réfrigérateur pendant une demi heure à une heure. Couper les avocats et les tomates en dés. Une fois le saumon mariné, mélanger aux tomates et avocats. Rectifier l'assaisonnement si nécessaire.",6
512,entree,Verrines poivron et fromage frais,"['2 poivron rouge', ' 150 g de fromage frais à tartiner type st môret ', ' 15 cl de crème fraîche entière liquide ', ' sel', ' poivre 5 baies']"," Couper les poivrons en 2 et les épépiner. Les déposer sur la plaque du four position haute et chauffer jusqu'à ce que la peau ""cloque"". Dès leur sortie du four, les enfermer dans un sachet plastique 2 minutes. Ils s'éplucheront plus facilement. Une fois éplucher, les mixer. Saler et poivrer selon votre convenance. Mélanger le fromage et la crème. Le mélange ne doit être ni trop liquide ni trop épais. Verser dans une verrine la préparation au poivron puis à mi-hauteur ajouter celle au fromage. (Les deux préparations ne se mélangent pas) Mettre au frais et déguster en entrée ou à l'apéritif.",8
529,entree,Tarte chèvre miel,"['1 rouleau de pâte brisée', ' 6 tranche de bûche de chèvre', ' 1 poignée de gruyère râpé', ' 1 oignon', ' 3 cuillère à soupe de miel', ' 10 cl de crème fraîche liquide']"," Piquer la pâte brisée avec une fourchette et l'enfourner à 200°C, thermostat 6-7, environ 10 min. Pendant ce temps, couper l'oignon en dés et le faire suer à l'huile d'olive dans une poêle. Quand les oignons ont bien blondis, y ajouter la crème. Lorsque la pâte commence à dorer, la sortir du four et verser dessus les oignons à la crème. Déposer sur la tarte les rondelles de chèvre. Parsemer de gruyère surtout sur les bords de la pâte pour éviter qu'elle ne se dessèche. Verser le miel en ruban sur toute la tarte. Enfourner à nouveau le temps de gratiner le fromage.",8
540,entree,Artichaut nature (au micro-onde),['1 artichaut par personne '], Couper la queue de l’artichaut à ras ou à 3 cm (tout dépend si vous souhaitez manger la queue !).  Laver l’artichaut à l’eau. Le baigner rapidement dans un saladier rempli d’eau vinaigrée. Rincer à nouveau à l’eau claire. Egoutter l’artichaut puis l’envelopper dans du film plastique passant au micro-onde (l’artichaut doit être emballé bien hermétiquement). Peser l’artichaut (ou les artichauts). Déposer l’artichaut emmailloté sur une assiette. Mettre au micro-onde à 1000 W et faire cuire 1 minute pour 100 g.   Désenvelopper l’artichaut et laisser refroidir avant de déguster avec une vinaigrette. Exemples : 1 artichaut de 500 g => 5 min au micro-onde à 1000 W. 2 artichauts de 800 g au total => 8 min au micro-onde à 1000 W.,10
553,entree,Croque-monsieur à la crème,"['2 tranche de pain de mie tranché ', ' 2 tranche de fromage spécial croque monsieur cheddar ou autre ', ' 1 tranche de jambon blanc sans gras ', ' 2 cuillère à soupe de crème fraîche', ' 1 poignée de gruyère râpé']"," Badigeonner les tranches de pain de mie d'une face de crème fraîche, y déposer 1 tranche de cheddar (ou autre fromage spécial 'croques monsieur'), une demi-tranche de jambon blanc puis à nouveau 1 tranche de fromage et enfin la tranche de pain de mie que l'on recouvre de crème fraîche et de gruyère râpé. Mettre au four thermostat 8 pendant 6 mn, puis sur grill pendant 3 minutes.",2
563,entree,Assiette de foie gras en fête,"['1 pâte feuilletée', ' 4 tranche de foie gras mi-cuit ', ' 8 cuillère à café de figue', ' 8 demi de poire en boîte ', ' 30 g de beurre salé ', ' 4 pincée de fleur de sel', ' 1 pincée de cannelle en poudre ']"," Préchauffer le four à 180°C (thermostat 6). Étaler la pâte feuilletée, et utiliser des tasses à thé pour former des cercles d’environ 10 cm de diamètre. Retirer ces cercles, et les piquer avec une fourchette.  Les enfourner à 180°C, pendant environ 10 min.  Mais surveillez bien, car d’un four à l’autre, la cuisson peut être différente... et pas de pâte brûlée dessous, svp ! Vous pouvez préparer ce point la veille, et mettre les cercles feuilletés dans une boîte à biscuits. Dans chaque assiette, déposer un fond feuilleté et une tranche de foie gras par dessus. Une pincée de fleur de sel sur chaque tranche de foie gras. A côté, dans chaque assiette, déposer 2 cuillères à café de confit de figues. Puis, faire fondre le beurre salé dans une poêle, et y faire revenir les poires, 2 min de chaque côté. Déposer 1/2 poire dans chaque assiette, et les saupoudrer de cannelle. Servir immédiatement, pour garder la poire tiède...",12
564,entree,Tarama maison,"['100 g de tarama œufs de cabillaud séchés ', ' 200 g de pain blanc ', ' 25 cl de jus de citron', ' 15 cl dhuile dolive']"," Enlever la croûte de votre baguette de pain ou de votre pain de campagne. Ne garder que 200 g de mie. Mouiller la mie franchement dans l'eau. Attendre 5 min que la mie soit bien imprégnée d'eau. Ensuite, récupérer la mie et la presser de façon à évacuer toute l'eau. Mélanger cette pâte avec le tarama. Vous obtenez une préparation rose clair. Presser le jus d'1/4 de citron et mélangez-le avec la préparation. Dernière étape, monter comme une mayonnaise la préparation avec l'huile d'olive.",9
566,entree,Pamplemousse aux crevettes tout simple,"['1 pamplemousse', ' 100 g de crevette cuites ', ' mayonnaise']", Couper le pamplemousse en deux. Vider le pamplemousse en prenant soin de conserver la coque intacte. Mettre les crevettes et les quartiers de pamplemousse dans un saladier. Arroser avec le jus du pamplemousse. Faire une mayonnaise (ou mayonnaise toute prête) et mélanger délicatement la mayonnaise (2 cuillères à café) avec le mélange crevette et pamplemousse. Répartir le tout dans les deux demi coques du pamplemousse.,3
574,entree,tourte au jambon et au fromage,"['2 pâte feuilletée', ' 5 tranche de jambon', ' 1 paquet de gruyère râpé', ' 25 cl de crème fraîche allégée ou non selon votre gourmandise ', ' 1 jaune doeuf']"," Sur votre moule à tarte, étalez votre première pâte feuilletée. Piquez la pour éviter qu'elle gonfle.  Disposez ensuite une tranche de jambon au centre, ajouter de la crème fraîche et du gruyère râpé, puis recommencer avec la seconde tranche de jambon, et de nouveau crème fraîche et gruyère. Faites ceci jusqu'à la cinquième, en pensant à étaler le jambon sur l'ensemble de la tarte.  Recouvrez ensuite avec la seconde pâte feuilletée ; replier les bords vers l'intérieur.  Battez un jaune d'oeuf et l'étaler à l'aide d'un pinceau sur la pâte.  Pensez à faire des petits croisillons à l'aide d'une fourchette, ce ne sera que plus joli !.  Au four environ 25 mn à à 180°C !   A servir avec une petite salade verte ! Un régal !",7
575,entree,Salade feta,"['200 g de fromage feta ', ' 2 concombre', ' 2 tomate', ' 1/2 poivron rouge', ' 10 olives noires dénoyautées ', ' 3 cuillère à soupe dhuile dolive', ' 2 cuillère à soupe de vinaigre']"," Couper la feta en petits cubes.  Faire dégorger les comcombres, les couper en morceaux ainsi que les tomates et le poivron.  Mélanger le tout avec les olives noires, y verser l'huile et le vinaigre et remélanger.",3
590,entree,Oeuf mollet frit,"['2 oeuf', ' 50 g de chapelure', ' 50 g de farine', ' eau froide ']"," Sortez vos oeufs et laissez-les pendant 1 heure à température ambiante. Couvrez le fond d'un récipient d'un film plastique. Cassez l'un des oeufs dans ce film plastique en prenant soin de ne pas casser le jaune. Faites un noeud au sommet du film de manière à enfermer le blanc et le jaune. Plongez le tout dans une eau à ébullition pendant 5 minutes. Plongez ensuite le paquet dans de l'eau froide de manière à arrêter la cuisson instantanément. Enlevez soigneusement le film plastique pour ne pas abîmer l'oeuf. Panez l'oeuf en le roulant doucement dans la farine. Intervient le deuxième oeuf, que vous battez comme vous le ferez pour une omelette. Plongez le premier oeuf dans la préparation et roulez le ensuite dans la chapelure. Faire frire l'oeuf à 160°C pendant une quarantaine de secondes. Dressez joliment : Accompagnez d'un petit toast ou d'une feuille de salade. Succès assuré !",9
628,entree,Caviar d'aubergines pour Cookeo,"['700 g daubergine épluchées et coupées ', ' 15 g dail surgelé ', ' 100 g doignon surgelés ', ' 1 cuillère à soupe de basilic surgelé ', ' 3 cuillère à soupe dhuile dolive', ' 10 cl deau']"," Dans le menu ""recettes"" du Cookeo, sélectionnez ""entrées"" puis la recette ""Caviar d'aubergines"". Choisissez le nombre de convives. Epluchez et coupez les aubergines en morceaux. Placez tous les ingrédients dans la cuve. Appuyez sur ""ok"" pour démarrer la cuisson. Fermez et verrouillez le couvercle.",6
633,entree,Tomates  farcies au thon et mayonnaise,"['4 tomate à farcir ', ' 1 oeuf', ' 1 boîte de thon au naturel ', ' 1 oignon ou la moitié dun gros ', ' 1 petit bouquet de persil', ' 1 petit bol de mayonnaise maison ']"," Faites durcir l'oeuf pendant 10 min et passez-le sous l'eau froide. Coupez le chapeau des tomates et retirez-en l'intérieur en veillant à ne pas les percer. Vous pourrez garder la pulpe pour préparer une sauce tomate...  Salez l'intérieur des tomates et retournez-les sur un papier absorbant pour qu'elles dégorgent. Pendant ce temps, préparez votre mayonnaise et réservez-la au frais. Ecaillez l'oeuf dur et mixez-le avec le persil et l'oignon. Dans un plat creux, émiettez le thon, ajoutez le mix oeuf-persil-oignon et versez la mayonnaise en mélangeant le tout. Farcir les tomates de cette préparation, replacez les chapeaux et mettre au frais au moins 3 h.",7
636,entree,Salade de tomates et oignon rouge,"['4 tomate', ' 1/2 oignon rouge', ' feuille de basilic frais', ' 1 cuillère à soupe dhuile dolive', ' 1 filet de vinaigre de cidre', ' sel']"," Je vous propose cette recette extrêmement simple mais pour moi la meilleure  pour sublimer votre salade de tomates : Coupez vos tomates en rondelles que vous mettrez dans un petit saladier. Ajoutez-y la moitié d'un oignon rouge que vous aurez coupé en petits morceaux et cisaillez quelques feuilles de basilic. Salez votre salade (ce qui permettra surtout d'absorber le surplus d'eau rendu par les tomates). Remuez et mettez-la environ 30 minutes au réfrigérateur, le temps que les saveurs se mélangent. Arrosez d'huile d'olive, de vinaigre de cidre et ajoutez une pointe de sel. Servez. Bon appétit !",8
651,entree,chocolat chaud crémeux à la pralinoise,"['1 tablette de chocolat à la pralinoise ', ' 1 l de lait', ' 100 g de sucre', ' 1 brique de crème liquide ']"," faire cuire le lait,casser la tablette en petits morceaux, dès que le lait commence à bouillir, retirer du feu et ajouter le sucre, la crème et le chocolat continuer la cuisson à feu doux jusqu'à ce que le chocolat soit fondu; il ne reste plus qu'à servir!",3
653,entree,Rillettes de maquereau faciles,"['120 g de maquereau au vin blanc et aromates boîte ', ' 150 g de fromage frais type saint morêt ', ' 3 cornichon pas trop gros ', ' 1/2 oignon ou 1 belle échalote ', ' 1 cuillère à café de moutarde']"," Égoutter les maquereaux dans une passoire. Éplucher l'oignon ou l'échalote et le passer à la moulinette avec les cornichons, réserver. Mettre les maquereaux dans une assiette en conservant les petits légumes qui sont avec et écraser le tout à la fourchette. Ajouter le mélange oignon/cornichons ainsi que le fromage, bien mélanger à la fourchette et ajouter la moutarde et mélanger de nouveau. Mettre les rillettes dans un bol et garder au réfrigérateur. L'idéal est de les préparer le matin pour les déguster le soir, ou la veille pour le midi.",6
668,entree,Pain de thon à la catalane,"['1 grosse boîte de thon à la catalane environ 300 g ', ' 1 boîte de thon au naturel environ 150 g ', ' 20 cl de crème semi-épaisse', ' 3 oeuf', ' 1 bouteille de sauce tomate préparée sans viandetype sauce pour spaghetti aux légumes ', ' sel et de poivre ']", Hyper facile !! Tout mélanger en veillant à bien écraser le thon. Attention à ne pas trop saler. Verser dans un moule à cake chemisé de papier de cuisson ou beurré. Faire cuire thermostat 6/7 (200°C) pendant 40 min (pour un four à chaleur tournante) jusqu'à ce que le cake se tienne bien. Démouler et placer au frais pendant au moins 4 à 5 heures.,4
680,entree,Dôme de saumon,"['1 pavé de saumon', ' 4 tranche de saumon fumé', ' oignon émincés très finement ', ' 2 cuillère de mayonnaise', ' salade', ' tomate cerise', ' citron', ' fromage blanc', ' citron']"," Prévoir 2 ramequins Faire cuire le pavé au micro-onde après l'avoir salé et poivré (5 mn).  Emietter le pavé en ayant soin d'enlever les arêtes.  Mélanger la mayonnaise et l' oignon émincé et le saumon émietté.  Tapisser le ramequin de 2 tranches de saumon fumé (attention prenez soin de bien recouvrir tout le ramequin) Si les tranches dépassent on pourra les rabattres à la fin.  Mettre la préparation dans les ramequins.  Rabattre les bouts de saumon fumé s'ils dépassent.  Couvrir avec du papier celophane.  Réfrigérer pendant 24 heures.  Démouler le dôme et disposer autour de la salade émincée, des rondelles de citrons, des petites tomates cerises.  Accompagner avec une sauce fromage blanc citron que vous appliquerez sur le dôme au moment de servir.",11
681,entree,Sapin feuilleté apéritif,"['2 pâte feuilletée', ' 200 g de pesto', ' 1 jaune doeuf']"," Préchauffer le four à 180°C (thermostat 6).  Dérouler la première pâte feuilletée et badigeonner de pesto.  Couvrir avec la seconde pâte. Découper plusieurs triangles dans la pâte.  Prendre les triangles un par un et les enfiler sur un pic en bois en les plissant légèrement pour former un sapin.  Placer les sapins sur une plaque recouverte de papier cuisson, badigeonner de jaune d'oeuf et enfourner 20 minutes.",6
689,entree,Makis Avocat Concombre (Rouleaux de riz aux algues),"['100 g de riz', ' 3 fromage type kiri ', ' 1 avocat', ' 1/4 concombre', ' 1 feuille de nori']"," Faire cuire le riz dans de l'eau bouillante, puis à feu doux avec 1,5 volume d'eau.  Quand le riz est cuit, ajouter 10 cl de vinaigre de riz, 1 sucre en morceau, 1 bonne pincée de sel. Poser une grande feuille d'algue (nori) sur une natte en bambou. Etaler une fine couche de riz sur l'algue, en laissant une marge de 2 cm sur le haut, puis appliquer les morceaux de chaque ingrédient (coupés en long) dans la longueur de la feuille.  Mouiller légérement le haut de la feuille d'algue (la marge), et rouler le sushi en un rouleau.  Couper ensuite le rouleau en 8 à l'aide d'un couteau bien aiguisé.",6
695,entree,Crème d'avocat,"['3 avocat assez mou ', ' 1/2 citron', ' 2 cuillère à soupe de lait', ' 2 cuillère à soupe de crème fraîche', ' 2 cuillère à soupe dhuile dolive']"," Dénoyautez les avocats et enlevez la peau et mettez les dans un mixer avec le jus de citron. Mélangez. Ajoutez un peu de lait , crème et huile. C'est prêt !  Mettre au frais avant de servir.",2
711,entree,"Tarte Provençale (tomate, courgette, mozzarella)","['150 g de mozzarella', ' 3 tomate', ' 3 courgette', ' 20 cl de crème fraîche', ' 2 oeuf + 2 jaunes ', ' 10 feuille de basilic', ' 1 cuillère à soupe de farine', ' 20 g de beurre', ' 300 g de pâte brisée']"," Ebouillantez et pelez les tomates, coupez en dés et salez les dans une passoire (30 mn). Lavez, séchez, coupez les courgettes en rondelles, puis plongez-les dans de l'eau bouillante. A la reprise de l'ébullition laissez cuire 3 mn. Egouttez et étalez-les sur un linge plié. Etalez la pate et déposez dans un moule à tarte beurré et fariné. Réservez au frais. Allumez le four à thermostat 7 (210°C). Coupez la mozzarella en petits dés et disposez les rondelles de courgettes en intercalant de dés de tomates. Battez les oeufs et la crème, salez et poivrez, puis ajoutez le basilic. Nappez-en les légumes. Enfournez 10 mn, puis baissez le thermostat à 6 (180°C) et cuisez encore 30 à 35 mn. Servez dès la sortie du four.",9
717,entree,Salade de concombre et museau en vinaigrette,"['1 concombre', ' 200 g de museau de boeuf ', ' 1 cuillère à soupe de sel', ' 1 cuillère à café de moutarde', ' 1 cuillère à soupe de vinaigre', ' 2 cuillère à soupe dhuile dolive']"," Peler le concombre, le détailler en fines rondelles, puis le faire dégorger avec du sel pendant 1 heure. Rincer les concombres sous l'eau froide, les égoutter puis les essuyer avec du papier absorbant. Découper ensuite le museau en fines lamelles, puis les incorporer au concombre. Faire une petite vinaigrette en émulsionnant l'huile avec la moutarde et le vinaigre, la verser sur le mélange concombre/museau et servir bien frais.",4
730,entree,crème chantilly au citron vert ,"['20 cl de crème liquide entière ', ' sel', ' 1 citron vert ou jaune ']"," Mettre la crème au froid pour qu'elle prenne mieux.  Extraire le jus d'un citron. Sortir la crème du réfrigérateur, la mettre dans un saladier, et commencez à la battre comme pour une chantilly en y incorporant une pincée de sel pour qu'elle monte mieux.  Une fois que la prise est bonne, ajouter le jus de citron et continuez à fouettez en diminuant la vitesse. Goûtez et rectifiez l'assaisonnement en sel et en citron. ",3
731,entree,Pâte à crêpes sans gluten et sans lactose,"['50 g de farine de riz ', ' 50 g de fécule de pomme de terre', ' 2 oeuf', ' 210 g de lait de riz ']", Dans un saladier verser la farine de riz avec la fécule. Ajouter les œufs et remuer. Ajouter progressivement le lait de riz en mélangeant bien. Laisser reposer au moins 1/4 d'heure. Vous pouvez cuire vos crêpes !,5
750,entree,Salade Cocktail,"['1 pamplemousse', ' 1 avocat à point ', ' 180 g de surimi râpé ', ' 4 feuille de salade', ' 150 g de crevette', ' ciboulette', ' mayonnaise', ' ketchup']"," Coupez le pamplemousse en quartiers. Otez la peau à 2/3 des quartiers et coupez la chair en dés. Pressez le 1/3 restant et récupérez le jus.  Coupez l'avocat en 2, ôtez le noyau, enlevez la peau et coupez la chair en dés également.  Dans un saladier, mettez les lanières de salade, l'avocat en dés, le surimi râpé. Finissez en disposant les dés de pamplemousse et les crevettes (évitez de disposer l'avocat en dernier car il noircit).  Il ne vous reste plus qu'à préparer la sauce cocktail avec de la mayonnaise (environ 3/4 ), du ketchup (1/4 pour la couleur et la note sucrée), du jus de pamplemousse (pour fluidifier), ciboulette, sel et poivre. A vous de la préparer selon vos goûts....  Quand la sauce est prête, vous recouvrez votre salade avec et vous placez le tout au frais jusqu'à dégustation...",5
789,entree,Salade de St Jacques,"['1 mâche', ' 1 sachet de noix de st jacques surgelés les pétoncles sont très bien aussi ', ' farine', ' huile dolive', ' vinaigre balsamique']"," Faire décongeler vos  noix sur du papier absorbant pendant environ 4 heures. Mettre la farine dans une assiette et rouler les noix dedans pour les paner. Faire chauffer un peu d'huile d'olive dans une poêle. Quand l'huile est bien chaude, jeter les noix dedans. Les retirer quand elle sont dorées: attention, les noix cuissent très vite ! Préparer une vinaigrette juste avec de lhuile d'olive et du vinaigre balsamique. Assaisonner la salade, déposer les noix dessus et pour la déco ajouter des pignons de pins et de la fleur de sel (sel de Guérande par exemple) et poivre du moulin.",4
801,entree,Escalopes de foie gras aux mangues,"['2 escalope de foie gras cru ', ' 20 g de beurre', ' 1 mangue']", Couper la mangue en tranches. Mettre dans une poêle un peu de beurre et faire revenir rapidement les tranches foie gras. Les retirer et les réserver au chaud. Faire revenir ensuite les mangues dans les sucs du foie Mettre sur assiette et servir de suite.,4
803,entree,Antipasti : petites tours basilic et mozzarella,"['1 aubergine assez fine ', ' 2 poivron rouge', ' 3 tomate en grappes de préférence ', ' 2 boule de mozzarella', ' 1 botte de basilic frais', ' 1 petit verre dhuile dolive', ' sel']"," Coupez l'aubergine en rondelles dans la largeur. Faites dégorger les rondelles avec du sel.  Coupez les poivrons en carrés d'environ 6 cm et passez-les au four (120°C/thermostat 4) après les avoir salés et recouverts d'un gros filet d'huile d'olive. Laissez-les cuire jusqu'à ce qu'ils deviennent mous. Laissez reposer les poivrons cuits et remplacez les dans le four par les rondelles d'aubergine, selon le même modèle, puis successivement par les tomates coupées en quartier. Une fois que les 3 légumes sont cuits, préparez la sauce : mixez le bouquet de basilic frais (gardez quelques petites feuilles de côté pour la décoration finale) avec le verre d'huile d'olive et du sel. La sauce doit être à dominante verte. Laissez-la refroidir 10 minutes au réfrigérateur. Pendant ce temps, dressez les assiettes : le nombre de tours par assiette variera selon la grosseur de vos légumes ! Commencez par une des plus grosses rondelles d'aubergine que vous recouvrez par un poivron, puis une tomate, puis une rondelle de mozzarella, puis empilez à nouveau une aubergine (plus petite), un poivron, une tomate, une mozza. Finissez la avec un petit chapeau (les plus petits morceaux des légumes). Vous pouvez faire grimper vos tours ou les réduire d'un niveau, sachant que plus elles sont hautes plus elles seront difficiles à manger ! Une fois toutes les tours dressées, nappez les chacune d'un bon filet de sauce. Pour finir, déposez délicatement une mini feuille de basilic sur le dessus de chaque tour.",10
807,entree,Soupe froide tomate melon,"['250 g de melon assez mûr si possible ', ' 3 tomate ébouillantées et sans peau ni pépins ', ' 1 cuillère à soupe de vinaigre balsamique', ' 2 cuillère à soupe dhuile dolive', ' 8 feuille de basilic', ' sel et beaucoup de poivre du moulin ']"," Découper en dés melon et tomates.  Mixer le tout avec le vinaigre, huile et feuilles de basilic.  Ajouter sel et poivre.  C'est prêt !  A préparer maximum deux heures à l'avance et à laisser au frigo avant de servir frais.",5
821,entree,Panzanella,"['1 kg de tomate assez fermes ', ' 2 oignon rouge', ' 1 bouquet de basilic frais', ' 1 concombre', ' 200 g de pain de campagne rassis et légèrement doré au gril ', ' 4 cuillère à soupe dhuile dolive', ' 1 cuillère à soupe de vinaigre balsamique', ' sel']"," Coupez les tomates en quartiers assez gros et faites-les égoutter dans une passoire. Coupez l'oignon en fines rondelles et le concombre épluché en dés. Mélangez les tomates avec l'oignon et le concombre dans un saladier. Ajoutez le pain grillé coupé en morceaux et les feuilles de basilic ciselées. Salez la salade, arrosez avec l'huile d'olive et le vinaigre et mélangez la panzanella avec soin. Laissez reposer 20 minutes puis servez frais.",3
822,entree,Champignons farcis au fromage,"['20 champignon de paris', ' 1 boîte de noix', ' 1 boîte dail et fines herbes ']"," Laver les champignons, bien les sécher dans un torchon. Couper les pieds à ras, puis les garnir de fromage à l'aide d'une petite cuillère. Les disposer dans un plat, saler, poivrer et arroser légèrement d'huile d'olive.  Enfourner 20 mn à 180°C et servez avec une salade verte.",2
824,entree,Poivrons farcis au thon (Pimientos del piquillo con atun),"['5 poivron de piquillo 2 par personne + 1 pour la sauce ', ' 1 boîte de thon à l’huile d’olive ', ' 1 oignon moyen ', ' 2 gousse dail', ' 2 cuillère à soupe de concentré de tomates', ' 1 petit verre de lait 20 cl ', ' 1 petit verre de bouillon de poisson on peut utiliser un bouillon cuve au poisson 20 cl ', ' 2 cuillère à soupe de farine', ' 2 cuillère à soupe dhuile olive ', ' sel']"," Les poivrons de piquillo sont une variété espagnole de poivrons rouges, d’environ 10 cm de long. En France, on les trouve difficilement au rayon frais Par contre on en trouve souvent en boite ou en bocal, déjà cuits et pelés, dans les grandes surfaces. Si vous ne trouvez pas ces petits poivrons (à ne pas confondre avec les piments !), vous pouvez les remplacer par 2 de poivrons rouges dont il faudra utiliser seulement la partie du bas, environ les deux tiers du poivron. Le reste servira pour faire la sauce. Si vous utilisez des poivrons frais, il faut les faire cuire au four quelques minutes, jusqu’à ce qu’ils soient tendres. Puis les peler et les épépiner. Entre-temps, dans une sauteuse faire revenir, à l’huile d’olive, l’ail et l’oignon coupés en dés. Quand ils seront dorés ajouter la farine et bien mélanger pour éviter qu’elle ne brûle. Puis ajouter le bouillon de poisson et le lait petit à petit, sans arrêter de mélanger, jusqu’à obtenir une béchamel épaisse. Saler et réserver un peu de cette béchamel qui servira plus tard à faire une sauce au poivron.  Mélanger le reste de la béchamel avec le thon émietté. Farcir avec ce mélange les poivrons. À la béchamel réservée, on ajoute le concentré de tomate et 1 poivron de piquillo (ou le tiers supérieur des poivrons, si on a utilisé des poivrons rouges normaux). Passer la sauce au mixeur jusqu'à obtenir une sauce pas très épaisse (on peut rajouter un peu de lait ou de bouillon de poisson s’il le faut). Verser une bonne partie de cette sauce dans le fond d’un plat, placer ensuite les poivrons farcis puis les arroser superficiellement avec la sauce restante. Mettre au four juste quelques minutes pour servir bien chaud.",12
832,entree,bréchets de poulet ,"['250 g de poulet pas trop gros ', ' farine', ' beurre', ' persil', ' ail']"," Passez les bréchets dans la farine, bien les secouer.  Les faire cuire dans le beurre bien chaud.  Au dernier moment ajouter un hachis de persil et d'ail.  Laissez cuire vivement encore 2/3 mn.  Servir.  On les déguste comme les grenouilles avec les doigts.",6
840,entree,Brochettes de melon et parme,"['1 melon de cavaillon ', ' 2 tranche de jambon de parme ou autre ', ' feuille de menthe fraîches ']"," Couper la chair du melon en gros cubes. Couper en 2 les tranches de jambon et les rouler sur elles-même, puis en faire 3 morceaux. Alterner en piquant sur les brochettes en bois : 1 feuille de menthe, 1 cube de melon et 1 petit rouleau de jambon. Recommencer pour compléter la brochette.",2
843,entree,Verrines bicolores kiwi-saumon,"['4 kiwi', ' 6 tranche de saumon fumé', ' 5 cl de crème fraîche liquide', ' 10 g de mayonnaise', ' ciboulette']"," Couper les kiwis et les traches de saumon en dés.  Disposer dans les verrines. (kiwi en-dessous, saumon au-dessus. Pour la sauce, mélanger la crème liquide et la mayonnaise avec la ciboulette et un filet de jus de citron. Verser la sauce sur le saumon. Et voilà !",5
849,entree,Citrons confits,"['1 kg de citron à peau épaisse non traités ', ' 100 g de gros sel', ' 50 cl dhuile dolive']"," Couper les citrons en rondelles d'1/2 cm d'épaisseur, les disposer en couches dans un saladier en saupoudrant chaque couche de gros sel, laisser mariner 24 h. Verser les rondelles dans une passoire et les laisser égoutter pendant 2 h, pendant ce temps, ébouillanter un bocal d'une contenance de 1 l, le laisser sécher à l'envers sur un linge. Eponger les rondelles de citron, les serrer dans le bocal en cercles et debout les unes contre les autres, couvrir d'huile d'olive et fermer le bocal, réserver au moins 15 jours avant de l'entamer dans un endroit frais ou au réfrigérateur.",3
872,entree,Cade (recette provençale),"['250 g de farine de pois chiches en vente principalement magasin bio ', ' 1 oeuf', ' 1 demi deau', ' 2 cuillère à soupe dhuile', ' thym pour parsemer ']", Battre le tout. Verser sur la plaque du four. Faire cuire.,3
875,entree,Foie gras sans cuisson ,"['1 foie gras entier soit 40 à 50 g de foie gras cru et dénervé par personne ', ' 15 g de sel fin ', ' poivre 8 g par kilo de foie gras ']"," Pour info, une cuillerée à café de sel fin rase est égale à 5 grammes Mélanger le sel fin et le poivre. Prendre le foie gras dénervé et bien le frotter avec ce mélange. Emballer le foie gras bien serré dans une feuille d'aluminium et le mettre au réfrigérateur. Le foie gras sera prêt à consommer 24 heures plus tard et sera aussi savoureux qu'un foie gras mi-cuit. Le foie ainsi préparé peut se conserver au congélateur dans sa feuille d'aluminium pendant 6 mois. Le faire décongeler au réfrigérateur.",6
878,entree,Soupe de courge doubeurre,"['1 courge doubeurre butternut/elle ressemble à une énorme poire jaune ', ' 1 pomme', ' 1 cuillère à café de quatre-épices', ' 1 noix de beurre', ' 1 pincée de sel', ' 1 verre de lait entier plus ou moins selon la consistance désirée ']", Couper la courge en petits bouts et éplucher (c'est plus facile). Éplucher la pomme et la couper en morceaux. Faire cuire pomme et courge à la vapeur pendant 20 min (le couteau doit bien s'enfoncer dans les morceaux). Passer le tout au mixeur et ajouter le reste des ingrédients.,4
883,entree,Feuilletés au chèvre et au miel,"['1 pâte feuilletée', ' 4 rondelle de chèvre frais', ' miel liquide', ' thym', ' 1 jaune doeuf']", Couper le disque de pâte feuilletée en 4. Déposer une rondelle de fromage au centre de chaque quart. Arroser le fromage de miel et saupoudrer de thym. Rabattre les trois bords à la façon d'une enveloppe. Badigeonner les feuilletés de jaune d'oeuf. Déposer les feuilletés sur du papier sulfurisé et les cuire 20 mn à four préchauffé à 200°C (thermostat 6-7).,4
885,entree,Oeuf au plat savoyard,"['5 pomme de terre moyennes ', ' 100 g de gruyère râpé', ' 6 oeuf', ' pomme de terre']"," Faire dorer les pommes de terres lavées, épluchées et coupées en petit dés. Beurrez un plat à gratin. Eparpillez les pommes de terre. Cassez les oeufs un à un par-dessus en prenant soin de bien recouvrir toute les pommes de terre. Saupoudrez de gruyère râpé et faites gratiner pendant 10 à 15 mn.",3
887,entree,Avocat au surimi,"['3 avocat', ' 3 tomate moyennes ', ' 12 batonnet de surimi', ' mayonnaise', ' jus de citron']"," - Peler les avocats, et couper les en morceaux, ajouter du jus de citron sur les avocats pour éviter qu'ils ne noircissent. - Couper les tomates et les surimis en dés. - Ajouter la mayonnaise  C'est prêt !",4
900,entree,Courgettes aux oeufs,"['6 oeuf', ' 3 courgette', ' gruyère râpé', ' 50 g de beurre']"," Dans une poêle faites fondre le beurre et mettre les courgettes coupés en rondelles avec un peu de sel et du poivre en les faisant dorer dans le beurre.  Une fois bien cuites, battre les oeufs et verser sur les courgettes. Laisser cuire sans retourner la préparation toujours dans la poêle et arroser de gruyère râpé sur la préparation.  Eteindre le feu, couvrir et laisser le gruyère fondre avec la chaleur de la préparation.  Ce plat se déguste chaud.",4
